2,test,eyJzcU1ldGVycyI6WzgwLDIwMF0sInNxTWV0ZXJzV29ydGgiOjAsIm51bVdpbmRvd3MiOlsxLDEyXSwibnVtV2luZG93c1dvcnRoIjowLCJ3aW5kb3dEaXJlY3Rpb25zIjpbXSwid2luZG93RGlyZWN0aW9uc1dvcnRoIjowLCJ0b3RhbFdpbmRvd1NpemUiOls4LDIyLjk2XSwidG90YWxXaW5kb3dTaXplV29ydGgiOjAsIm51bUJlZHJvb21zIjpbMSw1XSwibnVtQmVkcm9vbXNXb3J0aCI6MCwibnVtQmF0aHJvb21zIjpbMSwzXSwibnVtQmF0aHJvb21zV29ydGgiOjAsImhhc0Rpc2h3YXNoZXIiOmZhbHNlLCJkaXNod2FzaGVyV29ydGgiOjAsImhhc1dhc2hlciI6ZmFsc2UsIndhc2hlcldvcnRoIjowLCJoYXNEcnllciI6ZmFsc2UsImRyeWVyV29ydGgiOjAsImJpZEFtb3VudCI6MTAwMCwibWF4Um9vbW1hdGVzIjoyLCJjbGVhbmxpbmVzcyI6NzUsInF1aWV0bmVzcyI6NjAsImd1ZXN0cyI6NDAsInBlcnNvbmFsU3BhY2UiOjgwLCJzbGVlcFRpbWUiOlsxMzIwLDE0NDBdLCJ3YWtlVGltZSI6WzM2MCw0ODBdfQ==,true,,
3,Shmo,eyJzcU1ldGVycyI6WzcwLDIwMF0sInNxTWV0ZXJzV29ydGgiOjAsIm51bVdpbmRvd3MiOlsxLDddLCJudW1XaW5kb3dzV29ydGgiOjAsIndpbmRvd0RpcmVjdGlvbnMiOlsiU1ciXSwid2luZG93RGlyZWN0aW9uc1dvcnRoIjowLCJ0b3RhbFdpbmRvd1NpemUiOls4LDIyLjk2XSwidG90YWxXaW5kb3dTaXplV29ydGgiOjAsIm51bUJlZHJvb21zIjpbMyw1XSwibnVtQmVkcm9vbXNXb3J0aCI6MCwibnVtQmF0aHJvb21zIjpbMS41LDNdLCJudW1CYXRocm9vbXNXb3J0aCI6MCwiaGFzRGlzaHdhc2hlciI6ZmFsc2UsImRpc2h3YXNoZXJXb3J0aCI6MCwiaGFzV2FzaGVyIjpmYWxzZSwid2FzaGVyV29ydGgiOjAsImhhc0RyeWVyIjpmYWxzZSwiZHJ5ZXJXb3J0aCI6MCwiYmlkQW1vdW50IjoxMDAwLCJtYXhSb29tbWF0ZXMiOjIsImNsZWFubGluZXNzIjo3NSwicXVpZXRuZXNzIjo2MCwiZ3Vlc3RzIjo0MCwicGVyc29uYWxTcGFjZSI6ODAsInNsZWVwVGltZSI6WzEzMjAsMTQ0MF0sIndha2VUaW1lIjpbMzYwLDQ4MF19,false,,
4,Dummy Person 4,eyJzcU1ldGVycyI6WzUyLDEwMV0sInNxTWV0ZXJzV29ydGgiOjM4LCJudW1XaW5kb3dzIjpbNSw2XSwibnVtV2luZG93c1dvcnRoIjoyOCwid2luZG93RGlyZWN0aW9ucyI6WyJFIiwiTkUiXSwid2luZG93RGlyZWN0aW9uc1dvcnRoIjozNywidG90YWxXaW5kb3dTaXplIjpbNS41LDEzLjVdLCJ0b3RhbFdpbmRvd1NpemVXb3J0aCI6NiwibnVtQmVkcm9vbXMiOlsyLDNdLCJudW1CZWRyb29tc1dvcnRoIjo5NywibnVtQmF0aHJvb21zIjpbMSwyLjVdLCJudW1CYXRocm9vbXNXb3J0aCI6NDUsImhhc0Rpc2h3YXNoZXIiOmZhbHNlLCJkaXNod2FzaGVyV29ydGgiOjcsImhhc1dhc2hlciI6dHJ1ZSwid2FzaGVyV29ydGgiOjIyLCJoYXNEcnllciI6dHJ1ZSwiZHJ5ZXJXb3J0aCI6MzgsImJpZEFtb3VudCI6MTcxMywibWF4Um9vbW1hdGVzIjoxLCJjbGVhbmxpbmVzcyI6MjEsInF1aWV0bmVzcyI6MzUsImd1ZXN0cyI6ODQsInBlcnNvbmFsU3BhY2UiOjEzLCJzbGVlcFRpbWUiOlsxMzMyLDE0OTFdLCJ3YWtlVGltZSI6WzMyNSwzNjNdfQ==,true,,
5,Dummy Person 5,eyJzcU1ldGVycyI6WzU5LDE5MV0sInNxTWV0ZXJzV29ydGgiOjI2LCJudW1XaW5kb3dzIjpbNSw5XSwibnVtV2luZG93c1dvcnRoIjozNywid2luZG93RGlyZWN0aW9ucyI6WyJTVyJdLCJ3aW5kb3dEaXJlY3Rpb25zV29ydGgiOjM2LCJ0b3RhbFdpbmRvd1NpemUiOls3LjMsMTIuM10sInRvdGFsV2luZG93U2l6ZVdvcnRoIjozNSwibnVtQmVkcm9vbXMiOlsyLDRdLCJudW1CZWRyb29tc1dvcnRoIjoxMDcsIm51bUJhdGhyb29tcyI6WzEuMywyLjFdLCJudW1CYXRocm9vbXNXb3J0aCI6NTUsImhhc0Rpc2h3YXNoZXIiOmZhbHNlLCJkaXNod2FzaGVyV29ydGgiOjI1LCJoYXNXYXNoZXIiOmZhbHNlLCJ3YXNoZXJXb3J0aCI6MTgsImhhc0RyeWVyIjp0cnVlLCJkcnllcldvcnRoIjo0OSwiYmlkQW1vdW50Ijo4OTQsIm1heFJvb21tYXRlcyI6MCwiY2xlYW5saW5lc3MiOjY5LCJxdWlldG5lc3MiOjU4LCJndWVzdHMiOjk5LCJwZXJzb25hbFNwYWNlIjoyMSwic2xlZXBUaW1lIjpbMTI2MSwxMzQ0XSwid2FrZVRpbWUiOls0MzAsNjYwXX0=,false,,
6,Dummy Person 6,eyJzcU1ldGVycyI6WzUwLDE0M10sInNxTWV0ZXJzV29ydGgiOjQsIm51bVdpbmRvd3MiOls1LDldLCJudW1XaW5kb3dzV29ydGgiOjIsIndpbmRvd0RpcmVjdGlvbnMiOlsiTkUiLCJOVyJdLCJ3aW5kb3dEaXJlY3Rpb25zV29ydGgiOjE5LCJ0b3RhbFdpbmRvd1NpemUiOls5LjcsMTMuMl0sInRvdGFsV2luZG93U2l6ZVdvcnRoIjozMSwibnVtQmVkcm9vbXMiOlsyLDNdLCJudW1CZWRyb29tc1dvcnRoIjoyMywibnVtQmF0aHJvb21zIjpbMS4zLDIuN10sIm51bUJhdGhyb29tc1dvcnRoIjo4LCJoYXNEaXNod2FzaGVyIjpmYWxzZSwiZGlzaHdhc2hlcldvcnRoIjozMCwiaGFzV2FzaGVyIjp0cnVlLCJ3YXNoZXJXb3J0aCI6MTEsImhhc0RyeWVyIjp0cnVlLCJkcnllcldvcnRoIjoyNiwiYmlkQW1vdW50IjoyNTAwLCJtYXhSb29tbWF0ZXMiOjAsImNsZWFubGluZXNzIjoyMSwicXVpZXRuZXNzIjowLCJndWVzdHMiOjc2LCJwZXJzb25hbFNwYWNlIjo1Niwic2xlZXBUaW1lIjpbMTE4OCwxNjgxXSwid2FrZVRpbWUiOlsyODksNDIxXX0=,false,,
7,Dummy Person 7,eyJzcU1ldGVycyI6WzU4LDE2M10sInNxTWV0ZXJzV29ydGgiOjI3LCJudW1XaW5kb3dzIjpbMyw5XSwibnVtV2luZG93c1dvcnRoIjozMCwid2luZG93RGlyZWN0aW9ucyI6WyJXIiwiRSJdLCJ3aW5kb3dEaXJlY3Rpb25zV29ydGgiOjEzLCJ0b3RhbFdpbmRvd1NpemUiOls1LjcsMTEuM10sInRvdGFsV2luZG93U2l6ZVdvcnRoIjozMSwibnVtQmVkcm9vbXMiOlsyLDVdLCJudW1CZWRyb29tc1dvcnRoIjozOCwibnVtQmF0aHJvb21zIjpbMS4yLDIuN10sIm51bUJhdGhyb29tc1dvcnRoIjo1MiwiaGFzRGlzaHdhc2hlciI6ZmFsc2UsImRpc2h3YXNoZXJXb3J0aCI6MjEsImhhc1dhc2hlciI6dHJ1ZSwid2FzaGVyV29ydGgiOjI0LCJoYXNEcnllciI6ZmFsc2UsImRyeWVyV29ydGgiOjI0LCJiaWRBbW91bnQiOjE0MTIsIm1heFJvb21tYXRlcyI6MywiY2xlYW5saW5lc3MiOjQzLCJxdWlldG5lc3MiOjQ2LCJndWVzdHMiOjM3LCJwZXJzb25hbFNwYWNlIjo3Miwic2xlZXBUaW1lIjpbMTI3MiwxNjM3XSwid2FrZVRpbWUiOls0MzUsNzU0XX0=,true,,
8,Dummy Person 8,eyJzcU1ldGVycyI6WzY5LDEyMV0sInNxTWV0ZXJzV29ydGgiOjc5LCJudW1XaW5kb3dzIjpbMywxMl0sIm51bVdpbmRvd3NXb3J0aCI6NDksIndpbmRvd0RpcmVjdGlvbnMiOlsiRSIsIlMiXSwid2luZG93RGlyZWN0aW9uc1dvcnRoIjoyMiwidG90YWxXaW5kb3dTaXplIjpbNy45LDE4XSwidG90YWxXaW5kb3dTaXplV29ydGgiOjQ2LCJudW1CZWRyb29tcyI6WzIsM10sIm51bUJlZHJvb21zV29ydGgiOjEwMiwibnVtQmF0aHJvb21zIjpbMS4yLDIuMV0sIm51bUJhdGhyb29tc1dvcnRoIjo1NSwiaGFzRGlzaHdhc2hlciI6ZmFsc2UsImRpc2h3YXNoZXJXb3J0aCI6MzYsImhhc1dhc2hlciI6ZmFsc2UsIndhc2hlcldvcnRoIjo0LCJoYXNEcnllciI6ZmFsc2UsImRyeWVyV29ydGgiOjEsImJpZEFtb3VudCI6MjI5NywibWF4Um9vbW1hdGVzIjowLCJjbGVhbmxpbmVzcyI6MTAwLCJxdWlldG5lc3MiOjczLCJndWVzdHMiOjI2LCJwZXJzb25hbFNwYWNlIjo0OCwic2xlZXBUaW1lIjpbMTI4NywxMzY5XSwid2FrZVRpbWUiOlsyNTEsNDAzXX0=,false,,
9,Dummy Person 9,eyJzcU1ldGVycyI6WzkyLDE5Ml0sInNxTWV0ZXJzV29ydGgiOjQwLCJudW1XaW5kb3dzIjpbMiw5XSwibnVtV2luZG93c1dvcnRoIjoxOCwid2luZG93RGlyZWN0aW9ucyI6WyJOVyIsIk5FIiwiVyJdLCJ3aW5kb3dEaXJlY3Rpb25zV29ydGgiOjEyLCJ0b3RhbFdpbmRvd1NpemUiOls4LjUsMTguM10sInRvdGFsV2luZG93U2l6ZVdvcnRoIjoyMCwibnVtQmVkcm9vbXMiOlsyLDNdLCJudW1CZWRyb29tc1dvcnRoIjoxMTYsIm51bUJhdGhyb29tcyI6WzEuMiwyLjVdLCJudW1CYXRocm9vbXNXb3J0aCI6MjYsImhhc0Rpc2h3YXNoZXIiOnRydWUsImRpc2h3YXNoZXJXb3J0aCI6MiwiaGFzV2FzaGVyIjpmYWxzZSwid2FzaGVyV29ydGgiOjQ0LCJoYXNEcnllciI6dHJ1ZSwiZHJ5ZXJXb3J0aCI6NDAsImJpZEFtb3VudCI6MTU0OCwibWF4Um9vbW1hdGVzIjoxLCJjbGVhbmxpbmVzcyI6MjcsInF1aWV0bmVzcyI6NjAsImd1ZXN0cyI6NTAsInBlcnNvbmFsU3BhY2UiOjgxLCJzbGVlcFRpbWUiOlsxMzMyLDE3MTRdLCJ3YWtlVGltZSI6WzM5OSw0OTFdfQ==,true,,
10,Dummy Person 10,eyJzcU1ldGVycyI6WzY0LDE1NV0sInNxTWV0ZXJzV29ydGgiOjIsIm51bVdpbmRvd3MiOlszLDEyXSwibnVtV2luZG93c1dvcnRoIjo0OSwid2luZG93RGlyZWN0aW9ucyI6WyJTIl0sIndpbmRvd0RpcmVjdGlvbnNXb3J0aCI6NjEsInRvdGFsV2luZG93U2l6ZSI6WzYuMSwxMS40XSwidG90YWxXaW5kb3dTaXplV29ydGgiOjMwLCJudW1CZWRyb29tcyI6WzIsNF0sIm51bUJlZHJvb21zV29ydGgiOjEwNSwibnVtQmF0aHJvb21zIjpbMS4zLDIuN10sIm51bUJhdGhyb29tc1dvcnRoIjo3MywiaGFzRGlzaHdhc2hlciI6dHJ1ZSwiZGlzaHdhc2hlcldvcnRoIjozMCwiaGFzV2FzaGVyIjp0cnVlLCJ3YXNoZXJXb3J0aCI6MTQsImhhc0RyeWVyIjp0cnVlLCJkcnllcldvcnRoIjoxMiwiYmlkQW1vdW50IjoyMDE5LCJtYXhSb29tbWF0ZXMiOjIsImNsZWFubGluZXNzIjo3NCwicXVpZXRuZXNzIjo0NiwiZ3Vlc3RzIjo2MCwicGVyc29uYWxTcGFjZSI6OSwic2xlZXBUaW1lIjpbMTMxMSwxNTM1XSwid2FrZVRpbWUiOlsyNDMsNjkxXX0=,true,,
11,Dummy Person 11,eyJzcU1ldGVycyI6WzkyLDE3OV0sInNxTWV0ZXJzV29ydGgiOjUxLCJudW1XaW5kb3dzIjpbMSw3XSwibnVtV2luZG93c1dvcnRoIjozOCwid2luZG93RGlyZWN0aW9ucyI6WyJTVyIsIlMiXSwid2luZG93RGlyZWN0aW9uc1dvcnRoIjoxNiwidG90YWxXaW5kb3dTaXplIjpbOS41LDE3LjddLCJ0b3RhbFdpbmRvd1NpemVXb3J0aCI6NTIsIm51bUJlZHJvb21zIjpbMiwzXSwibnVtQmVkcm9vbXNXb3J0aCI6OTQsIm51bUJhdGhyb29tcyI6WzEuMywyLjldLCJudW1CYXRocm9vbXNXb3J0aCI6NiwiaGFzRGlzaHdhc2hlciI6dHJ1ZSwiZGlzaHdhc2hlcldvcnRoIjoxMywiaGFzV2FzaGVyIjp0cnVlLCJ3YXNoZXJXb3J0aCI6MzMsImhhc0RyeWVyIjp0cnVlLCJkcnllcldvcnRoIjo5LCJiaWRBbW91bnQiOjExMjYsIm1heFJvb21tYXRlcyI6MiwiY2xlYW5saW5lc3MiOjYzLCJxdWlldG5lc3MiOjEwLCJndWVzdHMiOjM4LCJwZXJzb25hbFNwYWNlIjoxMCwic2xlZXBUaW1lIjpbMTI2MCwxNjYyXSwid2FrZVRpbWUiOlsyOTMsNzY1XX0=,true,,
12,Dummy Person 12,eyJzcU1ldGVycyI6WzU0LDE1N10sInNxTWV0ZXJzV29ydGgiOjcsIm51bVdpbmRvd3MiOlsxLDhdLCJudW1XaW5kb3dzV29ydGgiOjQ0LCJ3aW5kb3dEaXJlY3Rpb25zIjpbIkUiLCJTVyJdLCJ3aW5kb3dEaXJlY3Rpb25zV29ydGgiOjAsInRvdGFsV2luZG93U2l6ZSI6WzguMiwxMi43XSwidG90YWxXaW5kb3dTaXplV29ydGgiOjE5LCJudW1CZWRyb29tcyI6WzEsNF0sIm51bUJlZHJvb21zV29ydGgiOjc1LCJudW1CYXRocm9vbXMiOlsxLjEsMi42XSwibnVtQmF0aHJvb21zV29ydGgiOjI4LCJoYXNEaXNod2FzaGVyIjp0cnVlLCJkaXNod2FzaGVyV29ydGgiOjQwLCJoYXNXYXNoZXIiOmZhbHNlLCJ3YXNoZXJXb3J0aCI6NDIsImhhc0RyeWVyIjp0cnVlLCJkcnllcldvcnRoIjoyMiwiYmlkQW1vdW50IjoxMTQ3LCJtYXhSb29tbWF0ZXMiOjEsImNsZWFubGluZXNzIjo0MiwicXVpZXRuZXNzIjoxMywiZ3Vlc3RzIjo1MCwicGVyc29uYWxTcGFjZSI6MjQsInNsZWVwVGltZSI6WzExNjksMTU1OV0sIndha2VUaW1lIjpbNDQyLDYzOV19,true,,
13,Dummy Person 13,eyJzcU1ldGVycyI6WzUzLDIwMF0sInNxTWV0ZXJzV29ydGgiOjE0LCJudW1XaW5kb3dzIjpbNSw2XSwibnVtV2luZG93c1dvcnRoIjo4LCJ3aW5kb3dEaXJlY3Rpb25zIjpbIk5FIiwiVyJdLCJ3aW5kb3dEaXJlY3Rpb25zV29ydGgiOjMyLCJ0b3RhbFdpbmRvd1NpemUiOls2LjcsMTQuOF0sInRvdGFsV2luZG93U2l6ZVdvcnRoIjo0MiwibnVtQmVkcm9vbXMiOlsxLDVdLCJudW1CZWRyb29tc1dvcnRoIjoxOSwibnVtQmF0aHJvb21zIjpbMS4yLDIuMl0sIm51bUJhdGhyb29tc1dvcnRoIjozMCwiaGFzRGlzaHdhc2hlciI6ZmFsc2UsImRpc2h3YXNoZXJXb3J0aCI6MzksImhhc1dhc2hlciI6ZmFsc2UsIndhc2hlcldvcnRoIjo3LCJoYXNEcnllciI6dHJ1ZSwiZHJ5ZXJXb3J0aCI6MjIsImJpZEFtb3VudCI6MTI0OCwibWF4Um9vbW1hdGVzIjoxLCJjbGVhbmxpbmVzcyI6ODcsInF1aWV0bmVzcyI6MTIsImd1ZXN0cyI6MjksInBlcnNvbmFsU3BhY2UiOjI0LCJzbGVlcFRpbWUiOlsxMTY3LDEyODhdLCJ3YWtlVGltZSI6WzI2NCw2MDZdfQ==,true,,
14,Dummy Person 14,eyJzcU1ldGVycyI6WzczLDEwN10sInNxTWV0ZXJzV29ydGgiOjgyLCJudW1XaW5kb3dzIjpbNSw5XSwibnVtV2luZG93c1dvcnRoIjo0MSwid2luZG93RGlyZWN0aW9ucyI6WyJTIl0sIndpbmRvd0RpcmVjdGlvbnNXb3J0aCI6MzMsInRvdGFsV2luZG93U2l6ZSI6WzYuNSwxMy4yXSwidG90YWxXaW5kb3dTaXplV29ydGgiOjE2LCJudW1CZWRyb29tcyI6WzIsNF0sIm51bUJlZHJvb21zV29ydGgiOjg5LCJudW1CYXRocm9vbXMiOlsxLjMsMi4zXSwibnVtQmF0aHJvb21zV29ydGgiOjQ1LCJoYXNEaXNod2FzaGVyIjpmYWxzZSwiZGlzaHdhc2hlcldvcnRoIjoyMywiaGFzV2FzaGVyIjpmYWxzZSwid2FzaGVyV29ydGgiOjksImhhc0RyeWVyIjp0cnVlLCJkcnllcldvcnRoIjo0OCwiYmlkQW1vdW50IjoxODk4LCJtYXhSb29tbWF0ZXMiOjEsImNsZWFubGluZXNzIjozNiwicXVpZXRuZXNzIjo3MiwiZ3Vlc3RzIjoxNiwicGVyc29uYWxTcGFjZSI6OTYsInNsZWVwVGltZSI6WzEyNDEsMTU5NF0sIndha2VUaW1lIjpbMjUzLDcxNF19,true,,
15,Dummy Person 15,eyJzcU1ldGVycyI6WzYzLDE1OF0sInNxTWV0ZXJzV29ydGgiOjM3LCJudW1XaW5kb3dzIjpbMiwxMF0sIm51bVdpbmRvd3NXb3J0aCI6NDEsIndpbmRvd0RpcmVjdGlvbnMiOlsiTiJdLCJ3aW5kb3dEaXJlY3Rpb25zV29ydGgiOjIsInRvdGFsV2luZG93U2l6ZSI6WzUuMiwxNS42XSwidG90YWxXaW5kb3dTaXplV29ydGgiOjM1LCJudW1CZWRyb29tcyI6WzEsM10sIm51bUJlZHJvb21zV29ydGgiOjQ3LCJudW1CYXRocm9vbXMiOlsxLjIsMi44XSwibnVtQmF0aHJvb21zV29ydGgiOjQsImhhc0Rpc2h3YXNoZXIiOnRydWUsImRpc2h3YXNoZXJXb3J0aCI6MTYsImhhc1dhc2hlciI6dHJ1ZSwid2FzaGVyV29ydGgiOjIyLCJoYXNEcnllciI6ZmFsc2UsImRyeWVyV29ydGgiOjQzLCJiaWRBbW91bnQiOjkwMiwibWF4Um9vbW1hdGVzIjoyLCJjbGVhbmxpbmVzcyI6NTIsInF1aWV0bmVzcyI6MjgsImd1ZXN0cyI6OTgsInBlcnNvbmFsU3BhY2UiOjYwLCJzbGVlcFRpbWUiOlsxMjM4LDE0NzNdLCJ3YWtlVGltZSI6WzI2Myw1ODRdfQ==,true,,
16,Dummy Person 16,eyJzcU1ldGVycyI6WzgxLDE3Ml0sInNxTWV0ZXJzV29ydGgiOjQ1LCJudW1XaW5kb3dzIjpbNCwxMV0sIm51bVdpbmRvd3NXb3J0aCI6MjMsIndpbmRvd0RpcmVjdGlvbnMiOlsiVyJdLCJ3aW5kb3dEaXJlY3Rpb25zV29ydGgiOjI3LCJ0b3RhbFdpbmRvd1NpemUiOls4LjYsMTEuMl0sInRvdGFsV2luZG93U2l6ZVdvcnRoIjo1MiwibnVtQmVkcm9vbXMiOlsxLDRdLCJudW1CZWRyb29tc1dvcnRoIjoyNiwibnVtQmF0aHJvb21zIjpbMS41LDIuN10sIm51bUJhdGhyb29tc1dvcnRoIjozNCwiaGFzRGlzaHdhc2hlciI6dHJ1ZSwiZGlzaHdhc2hlcldvcnRoIjoyNSwiaGFzV2FzaGVyIjp0cnVlLCJ3YXNoZXJXb3J0aCI6MjUsImhhc0RyeWVyIjpmYWxzZSwiZHJ5ZXJXb3J0aCI6NTAsImJpZEFtb3VudCI6MTI5NCwibWF4Um9vbW1hdGVzIjozLCJjbGVhbmxpbmVzcyI6MjEsInF1aWV0bmVzcyI6MTcsImd1ZXN0cyI6NTMsInBlcnNvbmFsU3BhY2UiOjk0LCJzbGVlcFRpbWUiOlsxMjY5LDE1MjJdLCJ3YWtlVGltZSI6WzM0NSw1MzZdfQ==,true,,
17,Dummy Person 17,eyJzcU1ldGVycyI6Wzk2LDE0MV0sInNxTWV0ZXJzV29ydGgiOjc2LCJudW1XaW5kb3dzIjpbMiw4XSwibnVtV2luZG93c1dvcnRoIjo0MCwid2luZG93RGlyZWN0aW9ucyI6WyJTVyIsIkUiLCJORSJdLCJ3aW5kb3dEaXJlY3Rpb25zV29ydGgiOjIyLCJ0b3RhbFdpbmRvd1NpemUiOls3LjcsMTQuNl0sInRvdGFsV2luZG93U2l6ZVdvcnRoIjo1OSwibnVtQmVkcm9vbXMiOlsxLDRdLCJudW1CZWRyb29tc1dvcnRoIjo1MCwibnVtQmF0aHJvb21zIjpbMSwyXSwibnVtQmF0aHJvb21zV29ydGgiOjQxLCJoYXNEaXNod2FzaGVyIjp0cnVlLCJkaXNod2FzaGVyV29ydGgiOjMsImhhc1dhc2hlciI6dHJ1ZSwid2FzaGVyV29ydGgiOjIwLCJoYXNEcnllciI6dHJ1ZSwiZHJ5ZXJXb3J0aCI6MTYsImJpZEFtb3VudCI6OTc4LCJtYXhSb29tbWF0ZXMiOjIsImNsZWFubGluZXNzIjo0OSwicXVpZXRuZXNzIjozNSwiZ3Vlc3RzIjoyMiwicGVyc29uYWxTcGFjZSI6NDUsInNsZWVwVGltZSI6WzEyOTUsMTM5N10sIndha2VUaW1lIjpbMzcxLDUzMF19,true,,
18,Dummy Person 18,eyJzcU1ldGVycyI6WzgzLDE5Nl0sInNxTWV0ZXJzV29ydGgiOjQ5LCJudW1XaW5kb3dzIjpbMSwxMl0sIm51bVdpbmRvd3NXb3J0aCI6NDAsIndpbmRvd0RpcmVjdGlvbnMiOlsiU0UiLCJOVyJdLCJ3aW5kb3dEaXJlY3Rpb25zV29ydGgiOjMwLCJ0b3RhbFdpbmRvd1NpemUiOls5LjYsMTMuNl0sInRvdGFsV2luZG93U2l6ZVdvcnRoIjozOCwibnVtQmVkcm9vbXMiOlsyLDNdLCJudW1CZWRyb29tc1dvcnRoIjo5NywibnVtQmF0aHJvb21zIjpbMSwyLjNdLCJudW1CYXRocm9vbXNXb3J0aCI6NjcsImhhc0Rpc2h3YXNoZXIiOnRydWUsImRpc2h3YXNoZXJXb3J0aCI6MjYsImhhc1dhc2hlciI6dHJ1ZSwid2FzaGVyV29ydGgiOjMxLCJoYXNEcnllciI6dHJ1ZSwiZHJ5ZXJXb3J0aCI6MzYsImJpZEFtb3VudCI6MjMwNSwibWF4Um9vbW1hdGVzIjowLCJjbGVhbmxpbmVzcyI6ODUsInF1aWV0bmVzcyI6NiwiZ3Vlc3RzIjo3NSwicGVyc29uYWxTcGFjZSI6NTIsInNsZWVwVGltZSI6WzEzNjUsMTUwMF0sIndha2VUaW1lIjpbNDI1LDQ2NF19,false,,
19,Dummy Person 19,eyJzcU1ldGVycyI6Wzg4LDE3NV0sInNxTWV0ZXJzV29ydGgiOjk2LCJudW1XaW5kb3dzIjpbMSw2XSwibnVtV2luZG93c1dvcnRoIjozMiwid2luZG93RGlyZWN0aW9ucyI6WyJFIiwiU1ciXSwid2luZG93RGlyZWN0aW9uc1dvcnRoIjo2MCwidG90YWxXaW5kb3dTaXplIjpbOS4zLDExLjRdLCJ0b3RhbFdpbmRvd1NpemVXb3J0aCI6NDAsIm51bUJlZHJvb21zIjpbMSw0XSwibnVtQmVkcm9vbXNXb3J0aCI6NDIsIm51bUJhdGhyb29tcyI6WzEuMywyLjhdLCJudW1CYXRocm9vbXNXb3J0aCI6MzMsImhhc0Rpc2h3YXNoZXIiOnRydWUsImRpc2h3YXNoZXJXb3J0aCI6MTYsImhhc1dhc2hlciI6ZmFsc2UsIndhc2hlcldvcnRoIjoxMCwiaGFzRHJ5ZXIiOmZhbHNlLCJkcnllcldvcnRoIjozNSwiYmlkQW1vdW50IjoyMjM1LCJtYXhSb29tbWF0ZXMiOjEsImNsZWFubGluZXNzIjoyLCJxdWlldG5lc3MiOjE4LCJndWVzdHMiOjQwLCJwZXJzb25hbFNwYWNlIjozMSwic2xlZXBUaW1lIjpbMTE0NCwxNDY2XSwid2FrZVRpbWUiOls0NzUsNzAzXX0=,true,,
20,Dummy Person 20,eyJzcU1ldGVycyI6WzcwLDE1NV0sInNxTWV0ZXJzV29ydGgiOjczLCJudW1XaW5kb3dzIjpbMyw5XSwibnVtV2luZG93c1dvcnRoIjoyLCJ3aW5kb3dEaXJlY3Rpb25zIjpbIlciXSwid2luZG93RGlyZWN0aW9uc1dvcnRoIjo0MCwidG90YWxXaW5kb3dTaXplIjpbNy40LDE4LjNdLCJ0b3RhbFdpbmRvd1NpemVXb3J0aCI6MjAsIm51bUJlZHJvb21zIjpbMiw0XSwibnVtQmVkcm9vbXNXb3J0aCI6MTgsIm51bUJhdGhyb29tcyI6WzEuMywzXSwibnVtQmF0aHJvb21zV29ydGgiOjQyLCJoYXNEaXNod2FzaGVyIjp0cnVlLCJkaXNod2FzaGVyV29ydGgiOjE5LCJoYXNXYXNoZXIiOnRydWUsIndhc2hlcldvcnRoIjozNSwiaGFzRHJ5ZXIiOnRydWUsImRyeWVyV29ydGgiOjEwLCJiaWRBbW91bnQiOjEwNjcsIm1heFJvb21tYXRlcyI6MSwiY2xlYW5saW5lc3MiOjE2LCJxdWlldG5lc3MiOjExLCJndWVzdHMiOjIsInBlcnNvbmFsU3BhY2UiOjI5LCJzbGVlcFRpbWUiOlsxMTg0LDEzNDRdLCJ3YWtlVGltZSI6WzQ2OSw3MjRdfQ==,true,,