ID,Name,AllowRoommates,AssignedRoom,RequiredPayment,Preferences
2,test,true,EnchantedNatura,1000,"{""sqMeters"":[80,200],""sqMetersWorth"":0,""numWindows"":[1,12],""numWindowsWorth"":0,""windowDirections"":[],""windowDirectionsWorth"":0,""totalWindowSize"":[8,22.96],""totalWindowSizeWorth"":0,""numBedrooms"":[1,5],""numBedroomsWorth"":0,""numBathrooms"":[1,3],""numBathroomsWorth"":0,""hasDishwasher"":false,""dishwasherWorth"":0,""hasWasher"":false,""washerWorth"":0,""hasDryer"":false,""dryerWorth"":0,""bidAmount"":1000,""maxRoommates"":2,""cleanliness"":75,""quietness"":60,""guests"":40,""personalSpace"":80,""sleepTime"":[1320,1440],""wakeTime"":[360,480]}"
3,Shmo,false,QuirkyOasis,717,"{""sqMeters"":[70,200],""sqMetersWorth"":0,""numWindows"":[1,7],""numWindowsWorth"":0,""windowDirections"":[""SW""],""windowDirectionsWorth"":0,""totalWindowSize"":[8,22.96],""totalWindowSizeWorth"":0,""numBedrooms"":[3,5],""numBedroomsWorth"":0,""numBathrooms"":[1.5,3],""numBathroomsWorth"":0,""hasDishwasher"":false,""dishwasherWorth"":0,""hasWasher"":false,""washerWorth"":0,""hasDryer"":false,""dryerWorth"":0,""bidAmount"":1000,""maxRoommates"":2,""cleanliness"":75,""quietness"":60,""guests"":40,""personalSpace"":80,""sleepTime"":[1320,1440],""wakeTime"":[360,480]}"
4,Dummy Person 4,true,SpaciousRetreat,1609.4255319148938,"{""sqMeters"":[52,101],""sqMetersWorth"":38,""numWindows"":[5,6],""numWindowsWorth"":28,""windowDirections"":[""E"",""NE""],""windowDirectionsWorth"":37,""totalWindowSize"":[5.5,13.5],""totalWindowSizeWorth"":6,""numBedrooms"":[2,3],""numBedroomsWorth"":97,""numBathrooms"":[1,2.5],""numBathroomsWorth"":45,""hasDishwasher"":false,""dishwasherWorth"":7,""hasWasher"":true,""washerWorth"":22,""hasDryer"":true,""dryerWorth"":38,""bidAmount"":1713,""maxRoommates"":1,""cleanliness"":21,""quietness"":35,""guests"":84,""personalSpace"":13,""sleepTime"":[1332,1491],""wakeTime"":[325,363]}"
5,Dummy Person 5,false,GoldenDreamscape,0,"{""sqMeters"":[59,191],""sqMetersWorth"":26,""numWindows"":[5,9],""numWindowsWorth"":37,""windowDirections"":[""SW""],""windowDirectionsWorth"":36,""totalWindowSize"":[7.3,12.3],""totalWindowSizeWorth"":35,""numBedrooms"":[2,4],""numBedroomsWorth"":107,""numBathrooms"":[1.3,2.1],""numBathroomsWorth"":55,""hasDishwasher"":false,""dishwasherWorth"":25,""hasWasher"":false,""washerWorth"":18,""hasDryer"":true,""dryerWorth"":49,""bidAmount"":894,""maxRoommates"":0,""cleanliness"":69,""quietness"":58,""guests"":99,""personalSpace"":21,""sleepTime"":[1261,1344],""wakeTime"":[430,660]}"
6,Dummy Person 6,false,CozyHideaway,2323,"{""sqMeters"":[50,143],""sqMetersWorth"":4,""numWindows"":[5,9],""numWindowsWorth"":2,""windowDirections"":[""NE"",""NW""],""windowDirectionsWorth"":19,""totalWindowSize"":[9.7,13.2],""totalWindowSizeWorth"":31,""numBedrooms"":[2,3],""numBedroomsWorth"":23,""numBathrooms"":[1.3,2.7],""numBathroomsWorth"":8,""hasDishwasher"":false,""dishwasherWorth"":30,""hasWasher"":true,""washerWorth"":11,""hasDryer"":true,""dryerWorth"":26,""bidAmount"":2500,""maxRoommates"":0,""cleanliness"":21,""quietness"":0,""guests"":76,""personalSpace"":56,""sleepTime"":[1188,1681],""wakeTime"":[289,421]}"
7,Dummy Person 7,true,QuirkyBreeze,1410.9626661323716,"{""sqMeters"":[58,163],""sqMetersWorth"":27,""numWindows"":[3,9],""numWindowsWorth"":30,""windowDirections"":[""W"",""E""],""windowDirectionsWorth"":13,""totalWindowSize"":[5.7,11.3],""totalWindowSizeWorth"":31,""numBedrooms"":[2,5],""numBedroomsWorth"":38,""numBathrooms"":[1.2,2.7],""numBathroomsWorth"":52,""hasDishwasher"":false,""dishwasherWorth"":21,""hasWasher"":true,""washerWorth"":24,""hasDryer"":false,""dryerWorth"":24,""bidAmount"":1412,""maxRoommates"":3,""cleanliness"":43,""quietness"":46,""guests"":37,""personalSpace"":72,""sleepTime"":[1272,1637],""wakeTime"":[435,754]}"
8,Dummy Person 8,false,CozyPerch,2205,"{""sqMeters"":[69,121],""sqMetersWorth"":79,""numWindows"":[3,12],""numWindowsWorth"":49,""windowDirections"":[""E"",""S""],""windowDirectionsWorth"":22,""totalWindowSize"":[7.9,18],""totalWindowSizeWorth"":46,""numBedrooms"":[2,3],""numBedroomsWorth"":102,""numBathrooms"":[1.2,2.1],""numBathroomsWorth"":55,""hasDishwasher"":false,""dishwasherWorth"":36,""hasWasher"":false,""washerWorth"":4,""hasDryer"":false,""dryerWorth"":1,""bidAmount"":2297,""maxRoommates"":0,""cleanliness"":100,""quietness"":73,""guests"":26,""personalSpace"":48,""sleepTime"":[1287,1369],""wakeTime"":[251,403]}"
9,Dummy Person 9,true,QuirkyWhisper,1426.89964732286,"{""sqMeters"":[92,192],""sqMetersWorth"":40,""numWindows"":[2,9],""numWindowsWorth"":18,""windowDirections"":[""NW"",""NE"",""W""],""windowDirectionsWorth"":12,""totalWindowSize"":[8.5,18.3],""totalWindowSizeWorth"":20,""numBedrooms"":[2,3],""numBedroomsWorth"":116,""numBathrooms"":[1.2,2.5],""numBathroomsWorth"":26,""hasDishwasher"":true,""dishwasherWorth"":2,""hasWasher"":false,""washerWorth"":44,""hasDryer"":true,""dryerWorth"":40,""bidAmount"":1548,""maxRoommates"":1,""cleanliness"":27,""quietness"":60,""guests"":50,""personalSpace"":81,""sleepTime"":[1332,1714],""wakeTime"":[399,491]}"
10,Dummy Person 10,true,CozyCrest,1917.8873239436618,"{""sqMeters"":[64,155],""sqMetersWorth"":2,""numWindows"":[3,12],""numWindowsWorth"":49,""windowDirections"":[""S""],""windowDirectionsWorth"":61,""totalWindowSize"":[6.1,11.4],""totalWindowSizeWorth"":30,""numBedrooms"":[2,4],""numBedroomsWorth"":105,""numBathrooms"":[1.3,2.7],""numBathroomsWorth"":73,""hasDishwasher"":true,""dishwasherWorth"":30,""hasWasher"":true,""washerWorth"":14,""hasDryer"":true,""dryerWorth"":12,""bidAmount"":2019,""maxRoommates"":2,""cleanliness"":74,""quietness"":46,""guests"":60,""personalSpace"":9,""sleepTime"":[1311,1535],""wakeTime"":[243,691]}"
11,Dummy Person 11,true,TranquilAurora,1117,"{""sqMeters"":[92,179],""sqMetersWorth"":51,""numWindows"":[1,7],""numWindowsWorth"":38,""windowDirections"":[""SW"",""S""],""windowDirectionsWorth"":16,""totalWindowSize"":[9.5,17.7],""totalWindowSizeWorth"":52,""numBedrooms"":[2,3],""numBedroomsWorth"":94,""numBathrooms"":[1.3,2.9],""numBathroomsWorth"":6,""hasDishwasher"":true,""dishwasherWorth"":13,""hasWasher"":true,""washerWorth"":33,""hasDryer"":true,""dryerWorth"":9,""bidAmount"":1126,""maxRoommates"":2,""cleanliness"":63,""quietness"":10,""guests"":38,""personalSpace"":10,""sleepTime"":[1260,1662],""wakeTime"":[293,765]}"
12,Dummy Person 12,true,UrbanNook,1112.2992605480642,"{""sqMeters"":[54,157],""sqMetersWorth"":7,""numWindows"":[1,8],""numWindowsWorth"":44,""windowDirections"":[""E"",""SW""],""windowDirectionsWorth"":0,""totalWindowSize"":[8.2,12.7],""totalWindowSizeWorth"":19,""numBedrooms"":[1,4],""numBedroomsWorth"":75,""numBathrooms"":[1.1,2.6],""numBathroomsWorth"":28,""hasDishwasher"":true,""dishwasherWorth"":40,""hasWasher"":false,""washerWorth"":42,""hasDryer"":true,""dryerWorth"":22,""bidAmount"":1147,""maxRoommates"":1,""cleanliness"":42,""quietness"":13,""guests"":50,""personalSpace"":24,""sleepTime"":[1169,1559],""wakeTime"":[442,639]}"
13,Dummy Person 13,true,PanoramicVilla,1216.0805031446541,"{""sqMeters"":[53,200],""sqMetersWorth"":14,""numWindows"":[5,6],""numWindowsWorth"":8,""windowDirections"":[""NE"",""W""],""windowDirectionsWorth"":32,""totalWindowSize"":[6.7,14.8],""totalWindowSizeWorth"":42,""numBedrooms"":[1,5],""numBedroomsWorth"":19,""numBathrooms"":[1.2,2.2],""numBathroomsWorth"":30,""hasDishwasher"":false,""dishwasherWorth"":39,""hasWasher"":false,""washerWorth"":7,""hasDryer"":true,""dryerWorth"":22,""bidAmount"":1248,""maxRoommates"":1,""cleanliness"":87,""quietness"":12,""guests"":29,""personalSpace"":24,""sleepTime"":[1167,1288],""wakeTime"":[264,606]}"
14,Dummy Person 14,true,SpaciousRetreat,1777.5744680851062,"{""sqMeters"":[73,107],""sqMetersWorth"":82,""numWindows"":[5,9],""numWindowsWorth"":41,""windowDirections"":[""S""],""windowDirectionsWorth"":33,""totalWindowSize"":[6.5,13.2],""totalWindowSizeWorth"":16,""numBedrooms"":[2,4],""numBedroomsWorth"":89,""numBathrooms"":[1.3,2.3],""numBathroomsWorth"":45,""hasDishwasher"":false,""dishwasherWorth"":23,""hasWasher"":false,""washerWorth"":9,""hasDryer"":true,""dryerWorth"":48,""bidAmount"":1898,""maxRoommates"":1,""cleanliness"":36,""quietness"":72,""guests"":16,""personalSpace"":96,""sleepTime"":[1241,1594],""wakeTime"":[253,714]}"
15,Dummy Person 15,true,CharmingBreeze,830.2972350230415,"{""sqMeters"":[63,158],""sqMetersWorth"":37,""numWindows"":[2,10],""numWindowsWorth"":41,""windowDirections"":[""N""],""windowDirectionsWorth"":2,""totalWindowSize"":[5.2,15.6],""totalWindowSizeWorth"":35,""numBedrooms"":[1,3],""numBedroomsWorth"":47,""numBathrooms"":[1.2,2.8],""numBathroomsWorth"":4,""hasDishwasher"":true,""dishwasherWorth"":16,""hasWasher"":true,""washerWorth"":22,""hasDryer"":false,""dryerWorth"":43,""bidAmount"":902,""maxRoommates"":2,""cleanliness"":52,""quietness"":28,""guests"":98,""personalSpace"":60,""sleepTime"":[1238,1473],""wakeTime"":[263,584]}"
16,Dummy Person 16,true,QuirkyBreeze,1215.1066586522406,"{""sqMeters"":[81,172],""sqMetersWorth"":45,""numWindows"":[4,11],""numWindowsWorth"":23,""windowDirections"":[""W""],""windowDirectionsWorth"":27,""totalWindowSize"":[8.6,11.2],""totalWindowSizeWorth"":52,""numBedrooms"":[1,4],""numBedroomsWorth"":26,""numBathrooms"":[1.5,2.7],""numBathroomsWorth"":34,""hasDishwasher"":true,""dishwasherWorth"":25,""hasWasher"":true,""washerWorth"":25,""hasDryer"":false,""dryerWorth"":50,""bidAmount"":1294,""maxRoommates"":3,""cleanliness"":21,""quietness"":17,""guests"":53,""personalSpace"":94,""sleepTime"":[1269,1522],""wakeTime"":[345,536]}"
17,Dummy Person 17,true,EnchantedRetreat,898.6596806387225,"{""sqMeters"":[96,141],""sqMetersWorth"":76,""numWindows"":[2,8],""numWindowsWorth"":40,""windowDirections"":[""SW"",""E"",""NE""],""windowDirectionsWorth"":22,""totalWindowSize"":[7.7,14.6],""totalWindowSizeWorth"":59,""numBedrooms"":[1,4],""numBedroomsWorth"":50,""numBathrooms"":[1,2],""numBathroomsWorth"":41,""hasDishwasher"":true,""dishwasherWorth"":3,""hasWasher"":true,""washerWorth"":20,""hasDryer"":true,""dryerWorth"":16,""bidAmount"":978,""maxRoommates"":2,""cleanliness"":49,""quietness"":35,""guests"":22,""personalSpace"":45,""sleepTime"":[1295,1397],""wakeTime"":[371,530]}"
18,Dummy Person 18,false,QuirkyHideaway,2006,"{""sqMeters"":[83,196],""sqMetersWorth"":49,""numWindows"":[1,12],""numWindowsWorth"":40,""windowDirections"":[""SE"",""NW""],""windowDirectionsWorth"":30,""totalWindowSize"":[9.6,13.6],""totalWindowSizeWorth"":38,""numBedrooms"":[2,3],""numBedroomsWorth"":97,""numBathrooms"":[1,2.3],""numBathroomsWorth"":67,""hasDishwasher"":true,""dishwasherWorth"":26,""hasWasher"":true,""washerWorth"":31,""hasDryer"":true,""dryerWorth"":36,""bidAmount"":2305,""maxRoommates"":0,""cleanliness"":85,""quietness"":6,""guests"":75,""personalSpace"":52,""sleepTime"":[1365,1500],""wakeTime"":[425,464]}"
19,Dummy Person 19,true,EmeraldLoft,2175.8092202059834,"{""sqMeters"":[88,175],""sqMetersWorth"":96,""numWindows"":[1,6],""numWindowsWorth"":32,""windowDirections"":[""E"",""SW""],""windowDirectionsWorth"":60,""totalWindowSize"":[9.3,11.4],""totalWindowSizeWorth"":40,""numBedrooms"":[1,4],""numBedroomsWorth"":42,""numBathrooms"":[1.3,2.8],""numBathroomsWorth"":33,""hasDishwasher"":true,""dishwasherWorth"":16,""hasWasher"":false,""washerWorth"":10,""hasDryer"":false,""dryerWorth"":35,""bidAmount"":2235,""maxRoommates"":1,""cleanliness"":2,""quietness"":18,""guests"":40,""personalSpace"":31,""sleepTime"":[1144,1466],""wakeTime"":[475,703]}"
20,Dummy Person 20,true,EnchantedRetreat,1023.3403193612775,"{""sqMeters"":[70,155],""sqMetersWorth"":73,""numWindows"":[3,9],""numWindowsWorth"":2,""windowDirections"":[""W""],""windowDirectionsWorth"":40,""totalWindowSize"":[7.4,18.3],""totalWindowSizeWorth"":20,""numBedrooms"":[2,4],""numBedroomsWorth"":18,""numBathrooms"":[1.3,3],""numBathroomsWorth"":42,""hasDishwasher"":true,""dishwasherWorth"":19,""hasWasher"":true,""washerWorth"":35,""hasDryer"":true,""dryerWorth"":10,""bidAmount"":1067,""maxRoommates"":1,""cleanliness"":16,""quietness"":11,""guests"":2,""personalSpace"":29,""sleepTime"":[1184,1344],""wakeTime"":[469,724]}"
21,Test,true,QuirkyBreeze,9992.65344286382,"{""sqMeters"":[95,200],""sqMetersWorth"":0,""numWindows"":[6,12],""numWindowsWorth"":0,""windowDirections"":[""S"",""SE""],""windowDirectionsWorth"":0,""totalWindowSize"":[14,22.96],""totalWindowSizeWorth"":0,""numBedrooms"":[1,5],""numBedroomsWorth"":0,""numBathrooms"":[1,3],""numBathroomsWorth"":0,""hasDishwasher"":true,""dishwasherWorth"":300,""hasWasher"":false,""washerWorth"":0,""hasDryer"":false,""dryerWorth"":0,""bidAmount"":10000,""maxRoommates"":3,""cleanliness"":55,""quietness"":60,""guests"":40,""personalSpace"":35,""sleepTime"":[1320,1410],""wakeTime"":[480,600]}"
22,Dummy Person 22,true,UrbanNook,1154.7007394519355,"{""sqMeters"":[69,128],""sqMetersWorth"":45,""numWindows"":[2,7],""numWindowsWorth"":33,""windowDirections"":[""N"",""SE""],""windowDirectionsWorth"":61,""totalWindowSize"":[8.4,17.9],""totalWindowSizeWorth"":6,""numBedrooms"":[1,3],""numBedroomsWorth"":52,""numBathrooms"":[1.5,2.1],""numBathroomsWorth"":47,""hasDishwasher"":true,""dishwasherWorth"":4,""hasWasher"":true,""washerWorth"":32,""hasDryer"":true,""dryerWorth"":40,""bidAmount"":1177,""maxRoommates"":1,""cleanliness"":88,""quietness"":73,""guests"":8,""personalSpace"":53,""sleepTime"":[1251,1695],""wakeTime"":[289,564]}"
23,Dummy Person 23,true,EmeraldLoft,1794.1907797940166,"{""sqMeters"":[74,153],""sqMetersWorth"":72,""numWindows"":[3,7],""numWindowsWorth"":14,""windowDirections"":[""NW"",""SE"",""W""],""windowDirectionsWorth"":29,""totalWindowSize"":[8.9,17.4],""totalWindowSizeWorth"":60,""numBedrooms"":[2,3],""numBedroomsWorth"":12,""numBathrooms"":[1.3,2.3],""numBathroomsWorth"":60,""hasDishwasher"":false,""dishwasherWorth"":38,""hasWasher"":true,""washerWorth"":41,""hasDryer"":true,""dryerWorth"":9,""bidAmount"":1852,""maxRoommates"":1,""cleanliness"":90,""quietness"":76,""guests"":76,""personalSpace"":100,""sleepTime"":[1337,1479],""wakeTime"":[380,510]}"
24,Dummy Person 24,true,ZenWhisper,1259.1525423728813,"{""sqMeters"":[67,175],""sqMetersWorth"":97,""numWindows"":[1,10],""numWindowsWorth"":48,""windowDirections"":[""W""],""windowDirectionsWorth"":18,""totalWindowSize"":[9.9,16.8],""totalWindowSizeWorth"":37,""numBedrooms"":[1,3],""numBedroomsWorth"":89,""numBathrooms"":[1.5,2.4],""numBathroomsWorth"":10,""hasDishwasher"":true,""dishwasherWorth"":24,""hasWasher"":false,""washerWorth"":10,""hasDryer"":false,""dryerWorth"":17,""bidAmount"":1292,""maxRoommates"":1,""cleanliness"":49,""quietness"":39,""guests"":53,""personalSpace"":40,""sleepTime"":[1239,1314],""wakeTime"":[332,697]}"
25,Dummy Person 25,true,EnchantedNatura,1008,"{""sqMeters"":[86,182],""sqMetersWorth"":23,""numWindows"":[1,11],""numWindowsWorth"":4,""windowDirections"":[""SE"",""S"",""W""],""windowDirectionsWorth"":18,""totalWindowSize"":[5.2,19.5],""totalWindowSizeWorth"":59,""numBedrooms"":[2,5],""numBedroomsWorth"":113,""numBathrooms"":[1.1,2.8],""numBathroomsWorth"":80,""hasDishwasher"":false,""dishwasherWorth"":18,""hasWasher"":false,""washerWorth"":4,""hasDryer"":true,""dryerWorth"":31,""bidAmount"":1008,""maxRoommates"":2,""cleanliness"":62,""quietness"":81,""guests"":36,""personalSpace"":29,""sleepTime"":[1278,1726],""wakeTime"":[307,473]}"
26,Dummy Person 26,false,GoldenLoft,1802,"{""sqMeters"":[61,187],""sqMetersWorth"":57,""numWindows"":[1,11],""numWindowsWorth"":35,""windowDirections"":[""NW""],""windowDirectionsWorth"":38,""totalWindowSize"":[8.4,13.4],""totalWindowSizeWorth"":51,""numBedrooms"":[1,3],""numBedroomsWorth"":10,""numBathrooms"":[1.3,2.6],""numBathroomsWorth"":68,""hasDishwasher"":true,""dishwasherWorth"":20,""hasWasher"":true,""washerWorth"":39,""hasDryer"":false,""dryerWorth"":20,""bidAmount"":2125,""maxRoommates"":0,""cleanliness"":40,""quietness"":91,""guests"":92,""personalSpace"":14,""sleepTime"":[1188,1623],""wakeTime"":[358,733]}"
27,Dummy Person 27,true,TranquilAurora,1160,"{""sqMeters"":[67,139],""sqMetersWorth"":50,""numWindows"":[5,7],""numWindowsWorth"":32,""windowDirections"":[""S"",""SW""],""windowDirectionsWorth"":35,""totalWindowSize"":[8.8,14.8],""totalWindowSizeWorth"":6,""numBedrooms"":[1,5],""numBedroomsWorth"":86,""numBathrooms"":[1.3,2.7],""numBathroomsWorth"":18,""hasDishwasher"":true,""dishwasherWorth"":35,""hasWasher"":true,""washerWorth"":6,""hasDryer"":true,""dryerWorth"":10,""bidAmount"":1170,""maxRoommates"":2,""cleanliness"":13,""quietness"":66,""guests"":68,""personalSpace"":38,""sleepTime"":[1302,1394],""wakeTime"":[348,611]}"
28,Dummy Person 28,true,PanoramicVilla,1107.9194968553459,"{""sqMeters"":[76,180],""sqMetersWorth"":11,""numWindows"":[3,8],""numWindowsWorth"":24,""windowDirections"":[""W"",""S"",""SE""],""windowDirectionsWorth"":3,""totalWindowSize"":[5.2,19.8],""totalWindowSizeWorth"":60,""numBedrooms"":[2,4],""numBedroomsWorth"":30,""numBathrooms"":[1,2.5],""numBathroomsWorth"":30,""hasDishwasher"":false,""dishwasherWorth"":9,""hasWasher"":true,""washerWorth"":0,""hasDryer"":true,""dryerWorth"":23,""bidAmount"":1167,""maxRoommates"":1,""cleanliness"":83,""quietness"":45,""guests"":86,""personalSpace"":78,""sleepTime"":[1297,1581],""wakeTime"":[270,662]}"
29,Dummy Person 29,true,CharmingBreeze,767.7027649769585,"{""sqMeters"":[75,118],""sqMetersWorth"":60,""numWindows"":[2,9],""numWindowsWorth"":37,""windowDirections"":[""SE""],""windowDirectionsWorth"":67,""totalWindowSize"":[5,13.2],""totalWindowSizeWorth"":5,""numBedrooms"":[2,3],""numBedroomsWorth"":91,""numBathrooms"":[1.3,2.6],""numBathroomsWorth"":63,""hasDishwasher"":false,""dishwasherWorth"":2,""hasWasher"":true,""washerWorth"":2,""hasDryer"":true,""dryerWorth"":12,""bidAmount"":846,""maxRoommates"":1,""cleanliness"":20,""quietness"":74,""guests"":67,""personalSpace"":92,""sleepTime"":[1181,1559],""wakeTime"":[323,543]}"
30,Dummy Person 30,true,CozyCrest,1281.4842903575297,"{""sqMeters"":[84,113],""sqMetersWorth"":39,""numWindows"":[5,9],""numWindowsWorth"":46,""windowDirections"":[""NE"",""NW"",""SE"",""S""],""windowDirectionsWorth"":20,""totalWindowSize"":[8.1,18.9],""totalWindowSizeWorth"":55,""numBedrooms"":[1,3],""numBedroomsWorth"":45,""numBathrooms"":[1.5,2.4],""numBathroomsWorth"":66,""hasDishwasher"":false,""dishwasherWorth"":10,""hasWasher"":true,""washerWorth"":9,""hasDryer"":false,""dryerWorth"":49,""bidAmount"":1329,""maxRoommates"":2,""cleanliness"":36,""quietness"":90,""guests"":32,""personalSpace"":15,""sleepTime"":[1365,1566],""wakeTime"":[287,387]}"
31,Dummy Person 31,false,WhimsicalNook,1485,"{""sqMeters"":[75,158],""sqMetersWorth"":71,""numWindows"":[3,9],""numWindowsWorth"":26,""windowDirections"":[""W"",""SE"",""NW"",""S""],""windowDirectionsWorth"":14,""totalWindowSize"":[9.4,18.2],""totalWindowSizeWorth"":22,""numBedrooms"":[2,3],""numBedroomsWorth"":16,""numBathrooms"":[1.2,2.2],""numBathroomsWorth"":62,""hasDishwasher"":false,""dishwasherWorth"":19,""hasWasher"":false,""washerWorth"":10,""hasDryer"":false,""dryerWorth"":14,""bidAmount"":1682,""maxRoommates"":0,""cleanliness"":93,""quietness"":41,""guests"":20,""personalSpace"":64,""sleepTime"":[1148,1236],""wakeTime"":[452,635]}"
32,Dummy Person 32,true,ZenWhisper,1270.8474576271187,"{""sqMeters"":[52,125],""sqMetersWorth"":74,""numWindows"":[1,11],""numWindowsWorth"":2,""windowDirections"":[""NE"",""NW"",""S"",""N""],""windowDirectionsWorth"":59,""totalWindowSize"":[7.9,19.4],""totalWindowSizeWorth"":9,""numBedrooms"":[2,5],""numBedroomsWorth"":72,""numBathrooms"":[1.4,2.6],""numBathroomsWorth"":49,""hasDishwasher"":false,""dishwasherWorth"":14,""hasWasher"":false,""washerWorth"":34,""hasDryer"":false,""dryerWorth"":28,""bidAmount"":1304,""maxRoommates"":1,""cleanliness"":6,""quietness"":32,""guests"":72,""personalSpace"":69,""sleepTime"":[1363,1485],""wakeTime"":[257,663]}"
33,Dummy Person 33,true,QuirkyBreeze,2343.277232351566,"{""sqMeters"":[61,136],""sqMetersWorth"":97,""numWindows"":[4,10],""numWindowsWorth"":29,""windowDirections"":[""E"",""S"",""SE"",""SW""],""windowDirectionsWorth"":22,""totalWindowSize"":[5.1,13.2],""totalWindowSizeWorth"":21,""numBedrooms"":[1,4],""numBedroomsWorth"":19,""numBathrooms"":[1,2.3],""numBathroomsWorth"":64,""hasDishwasher"":false,""dishwasherWorth"":9,""hasWasher"":true,""washerWorth"":49,""hasDryer"":false,""dryerWorth"":45,""bidAmount"":2364,""maxRoommates"":3,""cleanliness"":84,""quietness"":21,""guests"":7,""personalSpace"":71,""sleepTime"":[1347,1566],""wakeTime"":[421,684]}"
34,Dummy Person 34,true,QuirkyWhisper,1448.1003526771399,"{""sqMeters"":[64,181],""sqMetersWorth"":67,""numWindows"":[1,11],""numWindowsWorth"":23,""windowDirections"":[""NE""],""windowDirectionsWorth"":31,""totalWindowSize"":[5.7,11.5],""totalWindowSizeWorth"":43,""numBedrooms"":[2,4],""numBedroomsWorth"":79,""numBathrooms"":[1.2,2.4],""numBathroomsWorth"":56,""hasDishwasher"":true,""dishwasherWorth"":16,""hasWasher"":false,""washerWorth"":16,""hasDryer"":true,""dryerWorth"":3,""bidAmount"":1571,""maxRoommates"":1,""cleanliness"":73,""quietness"":26,""guests"":59,""personalSpace"":30,""sleepTime"":[1349,1481],""wakeTime"":[249,685]}"
35,Dummy Person 35,false,TranquilHarmony,1000,"{""sqMeters"":[96,143],""sqMetersWorth"":43,""numWindows"":[5,9],""numWindowsWorth"":26,""windowDirections"":[""NW""],""windowDirectionsWorth"":31,""totalWindowSize"":[7.7,19.6],""totalWindowSizeWorth"":57,""numBedrooms"":[1,3],""numBedroomsWorth"":13,""numBathrooms"":[1.4,2.8],""numBathroomsWorth"":11,""hasDishwasher"":true,""dishwasherWorth"":21,""hasWasher"":true,""washerWorth"":31,""hasDryer"":false,""dryerWorth"":13,""bidAmount"":1506,""maxRoommates"":0,""cleanliness"":14,""quietness"":59,""guests"":6,""personalSpace"":83,""sleepTime"":[1291,1731],""wakeTime"":[441,613]}"
36,Dummy Person 36,true,CozyCrest,1250.6283856988082,"{""sqMeters"":[70,125],""sqMetersWorth"":84,""numWindows"":[5,7],""numWindowsWorth"":11,""windowDirections"":[""SE"",""N""],""windowDirectionsWorth"":69,""totalWindowSize"":[9.2,19.9],""totalWindowSizeWorth"":8,""numBedrooms"":[1,3],""numBedroomsWorth"":95,""numBathrooms"":[1.2,2.5],""numBathroomsWorth"":6,""hasDishwasher"":true,""dishwasherWorth"":4,""hasWasher"":false,""washerWorth"":42,""hasDryer"":true,""dryerWorth"":25,""bidAmount"":1308,""maxRoommates"":3,""cleanliness"":3,""quietness"":40,""guests"":17,""personalSpace"":26,""sleepTime"":[1283,1398],""wakeTime"":[464,600]}"
37,TEest,true,TranquilAurora,1000,"{""sqMeters"":[30,200],""sqMetersWorth"":0,""numWindows"":[1,12],""numWindowsWorth"":0,""windowDirections"":[],""windowDirectionsWorth"":0,""totalWindowSize"":[2,22.96],""totalWindowSizeWorth"":0,""numBedrooms"":[1,5],""numBedroomsWorth"":0,""numBathrooms"":[1,3],""numBathroomsWorth"":0,""hasDishwasher"":false,""dishwasherWorth"":0,""hasWasher"":false,""washerWorth"":0,""hasDryer"":false,""dryerWorth"":0,""bidAmount"":1000,""maxRoommates"":2,""cleanliness"":75,""quietness"":60,""guests"":40,""personalSpace"":80,""sleepTime"":[1320,1440],""wakeTime"":[360,480]}"
38,x,true,EnchantedNatura,1000,"{""sqMeters"":[30,200],""sqMetersWorth"":0,""numWindows"":[1,12],""numWindowsWorth"":0,""windowDirections"":[],""windowDirectionsWorth"":0,""totalWindowSize"":[2,22.96],""totalWindowSizeWorth"":0,""numBedrooms"":[1,5],""numBedroomsWorth"":0,""numBathrooms"":[1,3],""numBathroomsWorth"":0,""hasDishwasher"":false,""dishwasherWorth"":0,""hasWasher"":false,""washerWorth"":0,""hasDryer"":false,""dryerWorth"":0,""bidAmount"":1000,""maxRoommates"":2,""cleanliness"":75,""quietness"":60,""guests"":40,""personalSpace"":80,""sleepTime"":[1320,1440],""wakeTime"":[360,480]}"
39,aoeu,true,VibrantEcho,1000,"{""sqMeters"":[30,200],""sqMetersWorth"":0,""numWindows"":[1,12],""numWindowsWorth"":0,""windowDirections"":[],""windowDirectionsWorth"":0,""totalWindowSize"":[2,22.96],""totalWindowSizeWorth"":0,""numBedrooms"":[1,5],""numBedroomsWorth"":0,""numBathrooms"":[1,3],""numBathroomsWorth"":0,""hasDishwasher"":false,""dishwasherWorth"":0,""hasWasher"":false,""washerWorth"":0,""hasDryer"":false,""dryerWorth"":0,""bidAmount"":1000,""maxRoommates"":2,""cleanliness"":75,""quietness"":60,""guests"":40,""personalSpace"":80,""sleepTime"":[1320,1440],""wakeTime"":[360,480]}"
40,aeu,true,VibrantEcho,1000,"{""sqMeters"":[30,200],""sqMetersWorth"":0,""numWindows"":[1,12],""numWindowsWorth"":0,""windowDirections"":[],""windowDirectionsWorth"":0,""totalWindowSize"":[2,22.96],""totalWindowSizeWorth"":0,""numBedrooms"":[1,5],""numBedroomsWorth"":0,""numBathrooms"":[1,3],""numBathroomsWorth"":0,""hasDishwasher"":false,""dishwasherWorth"":0,""hasWasher"":false,""washerWorth"":0,""hasDryer"":false,""dryerWorth"":0,""bidAmount"":1000,""maxRoommates"":2,""cleanliness"":75,""quietness"":60,""guests"":40,""personalSpace"":80,""sleepTime"":[1320,1440],""wakeTime"":[360,480]}"
41,xadasdas,true,VibrantEcho,1000,"{""sqMeters"":[30,200],""sqMetersWorth"":0,""numWindows"":[1,12],""numWindowsWorth"":0,""windowDirections"":[],""windowDirectionsWorth"":0,""totalWindowSize"":[2,22.96],""totalWindowSizeWorth"":0,""numBedrooms"":[1,5],""numBedroomsWorth"":0,""numBathrooms"":[1,3],""numBathroomsWorth"":0,""hasDishwasher"":false,""dishwasherWorth"":0,""hasWasher"":false,""washerWorth"":0,""hasDryer"":false,""dryerWorth"":0,""bidAmount"":1000,""maxRoommates"":2,""cleanliness"":75,""quietness"":60,""guests"":40,""personalSpace"":80,""sleepTime"":[1320,1440],""wakeTime"":[360,480]}"
42,xa,true,EnchantedRetreat,939.3333333333333,"{""sqMeters"":[30,200],""sqMetersWorth"":0,""numWindows"":[1,12],""numWindowsWorth"":0,""windowDirections"":[],""windowDirectionsWorth"":0,""totalWindowSize"":[2,22.96],""totalWindowSizeWorth"":0,""numBedrooms"":[1,5],""numBedroomsWorth"":0,""numBathrooms"":[1,3],""numBathroomsWorth"":0,""hasDishwasher"":false,""dishwasherWorth"":0,""hasWasher"":false,""washerWorth"":0,""hasDryer"":false,""dryerWorth"":0,""bidAmount"":1000,""maxRoommates"":2,""cleanliness"":75,""quietness"":60,""guests"":40,""personalSpace"":80,""sleepTime"":[1320,1440],""wakeTime"":[360,480]}"
43,dsfsd,true,EnchantedRetreat,939.3333333333333,"{""sqMeters"":[30,200],""sqMetersWorth"":0,""numWindows"":[1,12],""numWindowsWorth"":0,""windowDirections"":[],""windowDirectionsWorth"":0,""totalWindowSize"":[2,22.96],""totalWindowSizeWorth"":0,""numBedrooms"":[1,5],""numBedroomsWorth"":0,""numBathrooms"":[1,3],""numBathroomsWorth"":0,""hasDishwasher"":false,""dishwasherWorth"":0,""hasWasher"":false,""washerWorth"":0,""hasDryer"":false,""dryerWorth"":0,""bidAmount"":1000,""maxRoommates"":2,""cleanliness"":75,""quietness"":60,""guests"":40,""personalSpace"":80,""sleepTime"":[1320,1440],""wakeTime"":[360,480]}"
44,check,true,EnchantedRetreat,939.3333333333333,"{""sqMeters"":[30,200],""sqMetersWorth"":0,""numWindows"":[1,9],""numWindowsWorth"":0,""windowDirections"":[""NE"",""E"",""W"",""SW""],""windowDirectionsWorth"":0,""totalWindowSize"":[8,22.96],""totalWindowSizeWorth"":0,""numBedrooms"":[1,5],""numBedroomsWorth"":0,""numBathrooms"":[1,3],""numBathroomsWorth"":0,""hasDishwasher"":true,""dishwasherWorth"":0,""hasWasher"":true,""washerWorth"":0,""hasDryer"":true,""dryerWorth"":0,""bidAmount"":1000,""maxRoommates"":3,""cleanliness"":75,""quietness"":60,""guests"":40,""personalSpace"":80,""sleepTime"":[1320,1440],""wakeTime"":[360,480]}"